seed,RUNTIME_IF_NO_EXTERNAL_TEMP_DATA,BURNIN,LOGINTERVAL,N_POP,MU,RECOMBINATION_RATE,RECOVERY,GEN_LEN_DEPENDS_ON_TEMP,FIXED_GEN_LEN,USE_EXTERNAL_TEMP_DATA,TEMPDATA_PATH,MEAN_TEMP,STDEV_TEMP_POP,STDEV_TEMP_INDIVIDUAL,NUM_DAYS_TO_REPEAT,NUM_REP_TEMP_DATA,B_default,CTmin_default,B_critical,DeltaB,CTmin_critical,DeltaCTmin,CTmax_critical,DeltaCTmax,OUTDIR,OUTNAME
0,20000,5000,1,5000,1e-07,1e-08,F,F,10,F,./VT_weather.txt,35,0.0,10.0,365,2,31,5,40,2,0,2,40,0.2,/scratch/j.min/TPC_evol_SLiM,include_STDEV_POP_prop_0.0
0,20000,5000,1,5000,1e-07,1e-08,F,F,10,F,./VT_weather.txt,35,3.1622776601683795,9.486832980505138,365,2,31,5,40,2,0,2,40,0.2,/scratch/j.min/TPC_evol_SLiM,include_STDEV_POP_prop_0.1
0,20000,5000,1,5000,1e-07,1e-08,F,F,10,F,./VT_weather.txt,35,4.47213595499958,8.94427190999916,365,2,31,5,40,2,0,2,40,0.2,/scratch/j.min/TPC_evol_SLiM,include_STDEV_POP_prop_0.2
0,20000,5000,1,5000,1e-07,1e-08,F,F,10,F,./VT_weather.txt,35,5.477225575051662,8.366600265340754,365,2,31,5,40,2,0,2,40,0.2,/scratch/j.min/TPC_evol_SLiM,include_STDEV_POP_prop_0.30000000000000004
0,20000,5000,1,5000,1e-07,1e-08,F,F,10,F,./VT_weather.txt,35,6.324555320336759,7.745966692414833,365,2,31,5,40,2,0,2,40,0.2,/scratch/j.min/TPC_evol_SLiM,include_STDEV_POP_prop_0.4
0,20000,5000,1,5000,1e-07,1e-08,F,F,10,F,./VT_weather.txt,35,7.0710678118654755,7.071067811865475,365,2,31,5,40,2,0,2,40,0.2,/scratch/j.min/TPC_evol_SLiM,include_STDEV_POP_prop_0.5
0,20000,5000,1,5000,1e-07,1e-08,F,F,10,F,./VT_weather.txt,35,7.745966692414834,6.324555320336758,365,2,31,5,40,2,0,2,40,0.2,/scratch/j.min/TPC_evol_SLiM,include_STDEV_POP_prop_0.6000000000000001
0,20000,5000,1,5000,1e-07,1e-08,F,F,10,F,./VT_weather.txt,35,8.366600265340756,5.477225575051661,365,2,31,5,40,2,0,2,40,0.2,/scratch/j.min/TPC_evol_SLiM,include_STDEV_POP_prop_0.7000000000000001
0,20000,5000,1,5000,1e-07,1e-08,F,F,10,F,./VT_weather.txt,35,8.94427190999916,4.472135954999578,365,2,31,5,40,2,0,2,40,0.2,/scratch/j.min/TPC_evol_SLiM,include_STDEV_POP_prop_0.8
0,20000,5000,1,5000,1e-07,1e-08,F,F,10,F,./VT_weather.txt,35,9.486832980505138,3.1622776601683795,365,2,31,5,40,2,0,2,40,0.2,/scratch/j.min/TPC_evol_SLiM,include_STDEV_POP_prop_0.9
0,20000,5000,1,5000,1e-07,1e-08,F,F,10,F,./VT_weather.txt,35,10.0,0.0,365,2,31,5,40,2,0,2,40,0.2,/scratch/j.min/TPC_evol_SLiM,include_STDEV_POP_prop_1.0
1,20000,5000,1,5000,1e-07,1e-08,F,F,10,F,./VT_weather.txt,35,0.0,10.0,365,2,31,5,40,2,0,2,40,0.2,/scratch/j.min/TPC_evol_SLiM,include_STDEV_POP_prop_0.0
1,20000,5000,1,5000,1e-07,1e-08,F,F,10,F,./VT_weather.txt,35,3.1622776601683795,9.486832980505138,365,2,31,5,40,2,0,2,40,0.2,/scratch/j.min/TPC_evol_SLiM,include_STDEV_POP_prop_0.1
1,20000,5000,1,5000,1e-07,1e-08,F,F,10,F,./VT_weather.txt,35,4.47213595499958,8.94427190999916,365,2,31,5,40,2,0,2,40,0.2,/scratch/j.min/TPC_evol_SLiM,include_STDEV_POP_prop_0.2
1,20000,5000,1,5000,1e-07,1e-08,F,F,10,F,./VT_weather.txt,35,5.477225575051662,8.366600265340754,365,2,31,5,40,2,0,2,40,0.2,/scratch/j.min/TPC_evol_SLiM,include_STDEV_POP_prop_0.30000000000000004
1,20000,5000,1,5000,1e-07,1e-08,F,F,10,F,./VT_weather.txt,35,6.324555320336759,7.745966692414833,365,2,31,5,40,2,0,2,40,0.2,/scratch/j.min/TPC_evol_SLiM,include_STDEV_POP_prop_0.4
1,20000,5000,1,5000,1e-07,1e-08,F,F,10,F,./VT_weather.txt,35,7.0710678118654755,7.071067811865475,365,2,31,5,40,2,0,2,40,0.2,/scratch/j.min/TPC_evol_SLiM,include_STDEV_POP_prop_0.5
1,20000,5000,1,5000,1e-07,1e-08,F,F,10,F,./VT_weather.txt,35,7.745966692414834,6.324555320336758,365,2,31,5,40,2,0,2,40,0.2,/scratch/j.min/TPC_evol_SLiM,include_STDEV_POP_prop_0.6000000000000001
1,20000,5000,1,5000,1e-07,1e-08,F,F,10,F,./VT_weather.txt,35,8.366600265340756,5.477225575051661,365,2,31,5,40,2,0,2,40,0.2,/scratch/j.min/TPC_evol_SLiM,include_STDEV_POP_prop_0.7000000000000001
1,20000,5000,1,5000,1e-07,1e-08,F,F,10,F,./VT_weather.txt,35,8.94427190999916,4.472135954999578,365,2,31,5,40,2,0,2,40,0.2,/scratch/j.min/TPC_evol_SLiM,include_STDEV_POP_prop_0.8
1,20000,5000,1,5000,1e-07,1e-08,F,F,10,F,./VT_weather.txt,35,9.486832980505138,3.1622776601683795,365,2,31,5,40,2,0,2,40,0.2,/scratch/j.min/TPC_evol_SLiM,include_STDEV_POP_prop_0.9
1,20000,5000,1,5000,1e-07,1e-08,F,F,10,F,./VT_weather.txt,35,10.0,0.0,365,2,31,5,40,2,0,2,40,0.2,/scratch/j.min/TPC_evol_SLiM,include_STDEV_POP_prop_1.0
2,20000,5000,1,5000,1e-07,1e-08,F,F,10,F,./VT_weather.txt,35,0.0,10.0,365,2,31,5,40,2,0,2,40,0.2,/scratch/j.min/TPC_evol_SLiM,include_STDEV_POP_prop_0.0
2,20000,5000,1,5000,1e-07,1e-08,F,F,10,F,./VT_weather.txt,35,3.1622776601683795,9.486832980505138,365,2,31,5,40,2,0,2,40,0.2,/scratch/j.min/TPC_evol_SLiM,include_STDEV_POP_prop_0.1
2,20000,5000,1,5000,1e-07,1e-08,F,F,10,F,./VT_weather.txt,35,4.47213595499958,8.94427190999916,365,2,31,5,40,2,0,2,40,0.2,/scratch/j.min/TPC_evol_SLiM,include_STDEV_POP_prop_0.2
2,20000,5000,1,5000,1e-07,1e-08,F,F,10,F,./VT_weather.txt,35,5.477225575051662,8.366600265340754,365,2,31,5,40,2,0,2,40,0.2,/scratch/j.min/TPC_evol_SLiM,include_STDEV_POP_prop_0.30000000000000004
2,20000,5000,1,5000,1e-07,1e-08,F,F,10,F,./VT_weather.txt,35,6.324555320336759,7.745966692414833,365,2,31,5,40,2,0,2,40,0.2,/scratch/j.min/TPC_evol_SLiM,include_STDEV_POP_prop_0.4
2,20000,5000,1,5000,1e-07,1e-08,F,F,10,F,./VT_weather.txt,35,7.0710678118654755,7.071067811865475,365,2,31,5,40,2,0,2,40,0.2,/scratch/j.min/TPC_evol_SLiM,include_STDEV_POP_prop_0.5
2,20000,5000,1,5000,1e-07,1e-08,F,F,10,F,./VT_weather.txt,35,7.745966692414834,6.324555320336758,365,2,31,5,40,2,0,2,40,0.2,/scratch/j.min/TPC_evol_SLiM,include_STDEV_POP_prop_0.6000000000000001
2,20000,5000,1,5000,1e-07,1e-08,F,F,10,F,./VT_weather.txt,35,8.366600265340756,5.477225575051661,365,2,31,5,40,2,0,2,40,0.2,/scratch/j.min/TPC_evol_SLiM,include_STDEV_POP_prop_0.7000000000000001
2,20000,5000,1,5000,1e-07,1e-08,F,F,10,F,./VT_weather.txt,35,8.94427190999916,4.472135954999578,365,2,31,5,40,2,0,2,40,0.2,/scratch/j.min/TPC_evol_SLiM,include_STDEV_POP_prop_0.8
2,20000,5000,1,5000,1e-07,1e-08,F,F,10,F,./VT_weather.txt,35,9.486832980505138,3.1622776601683795,365,2,31,5,40,2,0,2,40,0.2,/scratch/j.min/TPC_evol_SLiM,include_STDEV_POP_prop_0.9
2,20000,5000,1,5000,1e-07,1e-08,F,F,10,F,./VT_weather.txt,35,10.0,0.0,365,2,31,5,40,2,0,2,40,0.2,/scratch/j.min/TPC_evol_SLiM,include_STDEV_POP_prop_1.0
3,20000,5000,1,5000,1e-07,1e-08,F,F,10,F,./VT_weather.txt,35,0.0,10.0,365,2,31,5,40,2,0,2,40,0.2,/scratch/j.min/TPC_evol_SLiM,include_STDEV_POP_prop_0.0
3,20000,5000,1,5000,1e-07,1e-08,F,F,10,F,./VT_weather.txt,35,3.1622776601683795,9.486832980505138,365,2,31,5,40,2,0,2,40,0.2,/scratch/j.min/TPC_evol_SLiM,include_STDEV_POP_prop_0.1
3,20000,5000,1,5000,1e-07,1e-08,F,F,10,F,./VT_weather.txt,35,4.47213595499958,8.94427190999916,365,2,31,5,40,2,0,2,40,0.2,/scratch/j.min/TPC_evol_SLiM,include_STDEV_POP_prop_0.2
3,20000,5000,1,5000,1e-07,1e-08,F,F,10,F,./VT_weather.txt,35,5.477225575051662,8.366600265340754,365,2,31,5,40,2,0,2,40,0.2,/scratch/j.min/TPC_evol_SLiM,include_STDEV_POP_prop_0.30000000000000004
3,20000,5000,1,5000,1e-07,1e-08,F,F,10,F,./VT_weather.txt,35,6.324555320336759,7.745966692414833,365,2,31,5,40,2,0,2,40,0.2,/scratch/j.min/TPC_evol_SLiM,include_STDEV_POP_prop_0.4
3,20000,5000,1,5000,1e-07,1e-08,F,F,10,F,./VT_weather.txt,35,7.0710678118654755,7.071067811865475,365,2,31,5,40,2,0,2,40,0.2,/scratch/j.min/TPC_evol_SLiM,include_STDEV_POP_prop_0.5
3,20000,5000,1,5000,1e-07,1e-08,F,F,10,F,./VT_weather.txt,35,7.745966692414834,6.324555320336758,365,2,31,5,40,2,0,2,40,0.2,/scratch/j.min/TPC_evol_SLiM,include_STDEV_POP_prop_0.6000000000000001
3,20000,5000,1,5000,1e-07,1e-08,F,F,10,F,./VT_weather.txt,35,8.366600265340756,5.477225575051661,365,2,31,5,40,2,0,2,40,0.2,/scratch/j.min/TPC_evol_SLiM,include_STDEV_POP_prop_0.7000000000000001
3,20000,5000,1,5000,1e-07,1e-08,F,F,10,F,./VT_weather.txt,35,8.94427190999916,4.472135954999578,365,2,31,5,40,2,0,2,40,0.2,/scratch/j.min/TPC_evol_SLiM,include_STDEV_POP_prop_0.8
3,20000,5000,1,5000,1e-07,1e-08,F,F,10,F,./VT_weather.txt,35,9.486832980505138,3.1622776601683795,365,2,31,5,40,2,0,2,40,0.2,/scratch/j.min/TPC_evol_SLiM,include_STDEV_POP_prop_0.9
3,20000,5000,1,5000,1e-07,1e-08,F,F,10,F,./VT_weather.txt,35,10.0,0.0,365,2,31,5,40,2,0,2,40,0.2,/scratch/j.min/TPC_evol_SLiM,include_STDEV_POP_prop_1.0
4,20000,5000,1,5000,1e-07,1e-08,F,F,10,F,./VT_weather.txt,35,0.0,10.0,365,2,31,5,40,2,0,2,40,0.2,/scratch/j.min/TPC_evol_SLiM,include_STDEV_POP_prop_0.0
4,20000,5000,1,5000,1e-07,1e-08,F,F,10,F,./VT_weather.txt,35,3.1622776601683795,9.486832980505138,365,2,31,5,40,2,0,2,40,0.2,/scratch/j.min/TPC_evol_SLiM,include_STDEV_POP_prop_0.1
4,20000,5000,1,5000,1e-07,1e-08,F,F,10,F,./VT_weather.txt,35,4.47213595499958,8.94427190999916,365,2,31,5,40,2,0,2,40,0.2,/scratch/j.min/TPC_evol_SLiM,include_STDEV_POP_prop_0.2
4,20000,5000,1,5000,1e-07,1e-08,F,F,10,F,./VT_weather.txt,35,5.477225575051662,8.366600265340754,365,2,31,5,40,2,0,2,40,0.2,/scratch/j.min/TPC_evol_SLiM,include_STDEV_POP_prop_0.30000000000000004
4,20000,5000,1,5000,1e-07,1e-08,F,F,10,F,./VT_weather.txt,35,6.324555320336759,7.745966692414833,365,2,31,5,40,2,0,2,40,0.2,/scratch/j.min/TPC_evol_SLiM,include_STDEV_POP_prop_0.4
4,20000,5000,1,5000,1e-07,1e-08,F,F,10,F,./VT_weather.txt,35,7.0710678118654755,7.071067811865475,365,2,31,5,40,2,0,2,40,0.2,/scratch/j.min/TPC_evol_SLiM,include_STDEV_POP_prop_0.5
4,20000,5000,1,5000,1e-07,1e-08,F,F,10,F,./VT_weather.txt,35,7.745966692414834,6.324555320336758,365,2,31,5,40,2,0,2,40,0.2,/scratch/j.min/TPC_evol_SLiM,include_STDEV_POP_prop_0.6000000000000001
4,20000,5000,1,5000,1e-07,1e-08,F,F,10,F,./VT_weather.txt,35,8.366600265340756,5.477225575051661,365,2,31,5,40,2,0,2,40,0.2,/scratch/j.min/TPC_evol_SLiM,include_STDEV_POP_prop_0.7000000000000001
4,20000,5000,1,5000,1e-07,1e-08,F,F,10,F,./VT_weather.txt,35,8.94427190999916,4.472135954999578,365,2,31,5,40,2,0,2,40,0.2,/scratch/j.min/TPC_evol_SLiM,include_STDEV_POP_prop_0.8
4,20000,5000,1,5000,1e-07,1e-08,F,F,10,F,./VT_weather.txt,35,9.486832980505138,3.1622776601683795,365,2,31,5,40,2,0,2,40,0.2,/scratch/j.min/TPC_evol_SLiM,include_STDEV_POP_prop_0.9
4,20000,5000,1,5000,1e-07,1e-08,F,F,10,F,./VT_weather.txt,35,10.0,0.0,365,2,31,5,40,2,0,2,40,0.2,/scratch/j.min/TPC_evol_SLiM,include_STDEV_POP_prop_1.0
5,20000,5000,1,5000,1e-07,1e-08,F,F,10,F,./VT_weather.txt,35,0.0,10.0,365,2,31,5,40,2,0,2,40,0.2,/scratch/j.min/TPC_evol_SLiM,include_STDEV_POP_prop_0.0
5,20000,5000,1,5000,1e-07,1e-08,F,F,10,F,./VT_weather.txt,35,3.1622776601683795,9.486832980505138,365,2,31,5,40,2,0,2,40,0.2,/scratch/j.min/TPC_evol_SLiM,include_STDEV_POP_prop_0.1
5,20000,5000,1,5000,1e-07,1e-08,F,F,10,F,./VT_weather.txt,35,4.47213595499958,8.94427190999916,365,2,31,5,40,2,0,2,40,0.2,/scratch/j.min/TPC_evol_SLiM,include_STDEV_POP_prop_0.2
5,20000,5000,1,5000,1e-07,1e-08,F,F,10,F,./VT_weather.txt,35,5.477225575051662,8.366600265340754,365,2,31,5,40,2,0,2,40,0.2,/scratch/j.min/TPC_evol_SLiM,include_STDEV_POP_prop_0.30000000000000004
5,20000,5000,1,5000,1e-07,1e-08,F,F,10,F,./VT_weather.txt,35,6.324555320336759,7.745966692414833,365,2,31,5,40,2,0,2,40,0.2,/scratch/j.min/TPC_evol_SLiM,include_STDEV_POP_prop_0.4
5,20000,5000,1,5000,1e-07,1e-08,F,F,10,F,./VT_weather.txt,35,7.0710678118654755,7.071067811865475,365,2,31,5,40,2,0,2,40,0.2,/scratch/j.min/TPC_evol_SLiM,include_STDEV_POP_prop_0.5
5,20000,5000,1,5000,1e-07,1e-08,F,F,10,F,./VT_weather.txt,35,7.745966692414834,6.324555320336758,365,2,31,5,40,2,0,2,40,0.2,/scratch/j.min/TPC_evol_SLiM,include_STDEV_POP_prop_0.6000000000000001
5,20000,5000,1,5000,1e-07,1e-08,F,F,10,F,./VT_weather.txt,35,8.366600265340756,5.477225575051661,365,2,31,5,40,2,0,2,40,0.2,/scratch/j.min/TPC_evol_SLiM,include_STDEV_POP_prop_0.7000000000000001
5,20000,5000,1,5000,1e-07,1e-08,F,F,10,F,./VT_weather.txt,35,8.94427190999916,4.472135954999578,365,2,31,5,40,2,0,2,40,0.2,/scratch/j.min/TPC_evol_SLiM,include_STDEV_POP_prop_0.8
5,20000,5000,1,5000,1e-07,1e-08,F,F,10,F,./VT_weather.txt,35,9.486832980505138,3.1622776601683795,365,2,31,5,40,2,0,2,40,0.2,/scratch/j.min/TPC_evol_SLiM,include_STDEV_POP_prop_0.9
5,20000,5000,1,5000,1e-07,1e-08,F,F,10,F,./VT_weather.txt,35,10.0,0.0,365,2,31,5,40,2,0,2,40,0.2,/scratch/j.min/TPC_evol_SLiM,include_STDEV_POP_prop_1.0
6,20000,5000,1,5000,1e-07,1e-08,F,F,10,F,./VT_weather.txt,35,0.0,10.0,365,2,31,5,40,2,0,2,40,0.2,/scratch/j.min/TPC_evol_SLiM,include_STDEV_POP_prop_0.0
6,20000,5000,1,5000,1e-07,1e-08,F,F,10,F,./VT_weather.txt,35,3.1622776601683795,9.486832980505138,365,2,31,5,40,2,0,2,40,0.2,/scratch/j.min/TPC_evol_SLiM,include_STDEV_POP_prop_0.1
6,20000,5000,1,5000,1e-07,1e-08,F,F,10,F,./VT_weather.txt,35,4.47213595499958,8.94427190999916,365,2,31,5,40,2,0,2,40,0.2,/scratch/j.min/TPC_evol_SLiM,include_STDEV_POP_prop_0.2
6,20000,5000,1,5000,1e-07,1e-08,F,F,10,F,./VT_weather.txt,35,5.477225575051662,8.366600265340754,365,2,31,5,40,2,0,2,40,0.2,/scratch/j.min/TPC_evol_SLiM,include_STDEV_POP_prop_0.30000000000000004
6,20000,5000,1,5000,1e-07,1e-08,F,F,10,F,./VT_weather.txt,35,6.324555320336759,7.745966692414833,365,2,31,5,40,2,0,2,40,0.2,/scratch/j.min/TPC_evol_SLiM,include_STDEV_POP_prop_0.4
6,20000,5000,1,5000,1e-07,1e-08,F,F,10,F,./VT_weather.txt,35,7.0710678118654755,7.071067811865475,365,2,31,5,40,2,0,2,40,0.2,/scratch/j.min/TPC_evol_SLiM,include_STDEV_POP_prop_0.5
6,20000,5000,1,5000,1e-07,1e-08,F,F,10,F,./VT_weather.txt,35,7.745966692414834,6.324555320336758,365,2,31,5,40,2,0,2,40,0.2,/scratch/j.min/TPC_evol_SLiM,include_STDEV_POP_prop_0.6000000000000001
6,20000,5000,1,5000,1e-07,1e-08,F,F,10,F,./VT_weather.txt,35,8.366600265340756,5.477225575051661,365,2,31,5,40,2,0,2,40,0.2,/scratch/j.min/TPC_evol_SLiM,include_STDEV_POP_prop_0.7000000000000001
6,20000,5000,1,5000,1e-07,1e-08,F,F,10,F,./VT_weather.txt,35,8.94427190999916,4.472135954999578,365,2,31,5,40,2,0,2,40,0.2,/scratch/j.min/TPC_evol_SLiM,include_STDEV_POP_prop_0.8
6,20000,5000,1,5000,1e-07,1e-08,F,F,10,F,./VT_weather.txt,35,9.486832980505138,3.1622776601683795,365,2,31,5,40,2,0,2,40,0.2,/scratch/j.min/TPC_evol_SLiM,include_STDEV_POP_prop_0.9
6,20000,5000,1,5000,1e-07,1e-08,F,F,10,F,./VT_weather.txt,35,10.0,0.0,365,2,31,5,40,2,0,2,40,0.2,/scratch/j.min/TPC_evol_SLiM,include_STDEV_POP_prop_1.0
7,20000,5000,1,5000,1e-07,1e-08,F,F,10,F,./VT_weather.txt,35,0.0,10.0,365,2,31,5,40,2,0,2,40,0.2,/scratch/j.min/TPC_evol_SLiM,include_STDEV_POP_prop_0.0
7,20000,5000,1,5000,1e-07,1e-08,F,F,10,F,./VT_weather.txt,35,3.1622776601683795,9.486832980505138,365,2,31,5,40,2,0,2,40,0.2,/scratch/j.min/TPC_evol_SLiM,include_STDEV_POP_prop_0.1
7,20000,5000,1,5000,1e-07,1e-08,F,F,10,F,./VT_weather.txt,35,4.47213595499958,8.94427190999916,365,2,31,5,40,2,0,2,40,0.2,/scratch/j.min/TPC_evol_SLiM,include_STDEV_POP_prop_0.2
7,20000,5000,1,5000,1e-07,1e-08,F,F,10,F,./VT_weather.txt,35,5.477225575051662,8.366600265340754,365,2,31,5,40,2,0,2,40,0.2,/scratch/j.min/TPC_evol_SLiM,include_STDEV_POP_prop_0.30000000000000004
7,20000,5000,1,5000,1e-07,1e-08,F,F,10,F,./VT_weather.txt,35,6.324555320336759,7.745966692414833,365,2,31,5,40,2,0,2,40,0.2,/scratch/j.min/TPC_evol_SLiM,include_STDEV_POP_prop_0.4
7,20000,5000,1,5000,1e-07,1e-08,F,F,10,F,./VT_weather.txt,35,7.0710678118654755,7.071067811865475,365,2,31,5,40,2,0,2,40,0.2,/scratch/j.min/TPC_evol_SLiM,include_STDEV_POP_prop_0.5
7,20000,5000,1,5000,1e-07,1e-08,F,F,10,F,./VT_weather.txt,35,7.745966692414834,6.324555320336758,365,2,31,5,40,2,0,2,40,0.2,/scratch/j.min/TPC_evol_SLiM,include_STDEV_POP_prop_0.6000000000000001
7,20000,5000,1,5000,1e-07,1e-08,F,F,10,F,./VT_weather.txt,35,8.366600265340756,5.477225575051661,365,2,31,5,40,2,0,2,40,0.2,/scratch/j.min/TPC_evol_SLiM,include_STDEV_POP_prop_0.7000000000000001
7,20000,5000,1,5000,1e-07,1e-08,F,F,10,F,./VT_weather.txt,35,8.94427190999916,4.472135954999578,365,2,31,5,40,2,0,2,40,0.2,/scratch/j.min/TPC_evol_SLiM,include_STDEV_POP_prop_0.8
7,20000,5000,1,5000,1e-07,1e-08,F,F,10,F,./VT_weather.txt,35,9.486832980505138,3.1622776601683795,365,2,31,5,40,2,0,2,40,0.2,/scratch/j.min/TPC_evol_SLiM,include_STDEV_POP_prop_0.9
7,20000,5000,1,5000,1e-07,1e-08,F,F,10,F,./VT_weather.txt,35,10.0,0.0,365,2,31,5,40,2,0,2,40,0.2,/scratch/j.min/TPC_evol_SLiM,include_STDEV_POP_prop_1.0
8,20000,5000,1,5000,1e-07,1e-08,F,F,10,F,./VT_weather.txt,35,0.0,10.0,365,2,31,5,40,2,0,2,40,0.2,/scratch/j.min/TPC_evol_SLiM,include_STDEV_POP_prop_0.0
8,20000,5000,1,5000,1e-07,1e-08,F,F,10,F,./VT_weather.txt,35,3.1622776601683795,9.486832980505138,365,2,31,5,40,2,0,2,40,0.2,/scratch/j.min/TPC_evol_SLiM,include_STDEV_POP_prop_0.1
8,20000,5000,1,5000,1e-07,1e-08,F,F,10,F,./VT_weather.txt,35,4.47213595499958,8.94427190999916,365,2,31,5,40,2,0,2,40,0.2,/scratch/j.min/TPC_evol_SLiM,include_STDEV_POP_prop_0.2
8,20000,5000,1,5000,1e-07,1e-08,F,F,10,F,./VT_weather.txt,35,5.477225575051662,8.366600265340754,365,2,31,5,40,2,0,2,40,0.2,/scratch/j.min/TPC_evol_SLiM,include_STDEV_POP_prop_0.30000000000000004
8,20000,5000,1,5000,1e-07,1e-08,F,F,10,F,./VT_weather.txt,35,6.324555320336759,7.745966692414833,365,2,31,5,40,2,0,2,40,0.2,/scratch/j.min/TPC_evol_SLiM,include_STDEV_POP_prop_0.4
8,20000,5000,1,5000,1e-07,1e-08,F,F,10,F,./VT_weather.txt,35,7.0710678118654755,7.071067811865475,365,2,31,5,40,2,0,2,40,0.2,/scratch/j.min/TPC_evol_SLiM,include_STDEV_POP_prop_0.5
8,20000,5000,1,5000,1e-07,1e-08,F,F,10,F,./VT_weather.txt,35,7.745966692414834,6.324555320336758,365,2,31,5,40,2,0,2,40,0.2,/scratch/j.min/TPC_evol_SLiM,include_STDEV_POP_prop_0.6000000000000001
8,20000,5000,1,5000,1e-07,1e-08,F,F,10,F,./VT_weather.txt,35,8.366600265340756,5.477225575051661,365,2,31,5,40,2,0,2,40,0.2,/scratch/j.min/TPC_evol_SLiM,include_STDEV_POP_prop_0.7000000000000001
8,20000,5000,1,5000,1e-07,1e-08,F,F,10,F,./VT_weather.txt,35,8.94427190999916,4.472135954999578,365,2,31,5,40,2,0,2,40,0.2,/scratch/j.min/TPC_evol_SLiM,include_STDEV_POP_prop_0.8
8,20000,5000,1,5000,1e-07,1e-08,F,F,10,F,./VT_weather.txt,35,9.486832980505138,3.1622776601683795,365,2,31,5,40,2,0,2,40,0.2,/scratch/j.min/TPC_evol_SLiM,include_STDEV_POP_prop_0.9
8,20000,5000,1,5000,1e-07,1e-08,F,F,10,F,./VT_weather.txt,35,10.0,0.0,365,2,31,5,40,2,0,2,40,0.2,/scratch/j.min/TPC_evol_SLiM,include_STDEV_POP_prop_1.0
9,20000,5000,1,5000,1e-07,1e-08,F,F,10,F,./VT_weather.txt,35,0.0,10.0,365,2,31,5,40,2,0,2,40,0.2,/scratch/j.min/TPC_evol_SLiM,include_STDEV_POP_prop_0.0
9,20000,5000,1,5000,1e-07,1e-08,F,F,10,F,./VT_weather.txt,35,3.1622776601683795,9.486832980505138,365,2,31,5,40,2,0,2,40,0.2,/scratch/j.min/TPC_evol_SLiM,include_STDEV_POP_prop_0.1
9,20000,5000,1,5000,1e-07,1e-08,F,F,10,F,./VT_weather.txt,35,4.47213595499958,8.94427190999916,365,2,31,5,40,2,0,2,40,0.2,/scratch/j.min/TPC_evol_SLiM,include_STDEV_POP_prop_0.2
9,20000,5000,1,5000,1e-07,1e-08,F,F,10,F,./VT_weather.txt,35,5.477225575051662,8.366600265340754,365,2,31,5,40,2,0,2,40,0.2,/scratch/j.min/TPC_evol_SLiM,include_STDEV_POP_prop_0.30000000000000004
9,20000,5000,1,5000,1e-07,1e-08,F,F,10,F,./VT_weather.txt,35,6.324555320336759,7.745966692414833,365,2,31,5,40,2,0,2,40,0.2,/scratch/j.min/TPC_evol_SLiM,include_STDEV_POP_prop_0.4
9,20000,5000,1,5000,1e-07,1e-08,F,F,10,F,./VT_weather.txt,35,7.0710678118654755,7.071067811865475,365,2,31,5,40,2,0,2,40,0.2,/scratch/j.min/TPC_evol_SLiM,include_STDEV_POP_prop_0.5
9,20000,5000,1,5000,1e-07,1e-08,F,F,10,F,./VT_weather.txt,35,7.745966692414834,6.324555320336758,365,2,31,5,40,2,0,2,40,0.2,/scratch/j.min/TPC_evol_SLiM,include_STDEV_POP_prop_0.6000000000000001
9,20000,5000,1,5000,1e-07,1e-08,F,F,10,F,./VT_weather.txt,35,8.366600265340756,5.477225575051661,365,2,31,5,40,2,0,2,40,0.2,/scratch/j.min/TPC_evol_SLiM,include_STDEV_POP_prop_0.7000000000000001
9,20000,5000,1,5000,1e-07,1e-08,F,F,10,F,./VT_weather.txt,35,8.94427190999916,4.472135954999578,365,2,31,5,40,2,0,2,40,0.2,/scratch/j.min/TPC_evol_SLiM,include_STDEV_POP_prop_0.8
9,20000,5000,1,5000,1e-07,1e-08,F,F,10,F,./VT_weather.txt,35,9.486832980505138,3.1622776601683795,365,2,31,5,40,2,0,2,40,0.2,/scratch/j.min/TPC_evol_SLiM,include_STDEV_POP_prop_0.9
9,20000,5000,1,5000,1e-07,1e-08,F,F,10,F,./VT_weather.txt,35,10.0,0.0,365,2,31,5,40,2,0,2,40,0.2,/scratch/j.min/TPC_evol_SLiM,include_STDEV_POP_prop_1.0
10,20000,5000,1,5000,1e-07,1e-08,F,F,10,F,./VT_weather.txt,35,0.0,10.0,365,2,31,5,40,2,0,2,40,0.2,/scratch/j.min/TPC_evol_SLiM,include_STDEV_POP_prop_0.0
10,20000,5000,1,5000,1e-07,1e-08,F,F,10,F,./VT_weather.txt,35,3.1622776601683795,9.486832980505138,365,2,31,5,40,2,0,2,40,0.2,/scratch/j.min/TPC_evol_SLiM,include_STDEV_POP_prop_0.1
10,20000,5000,1,5000,1e-07,1e-08,F,F,10,F,./VT_weather.txt,35,4.47213595499958,8.94427190999916,365,2,31,5,40,2,0,2,40,0.2,/scratch/j.min/TPC_evol_SLiM,include_STDEV_POP_prop_0.2
10,20000,5000,1,5000,1e-07,1e-08,F,F,10,F,./VT_weather.txt,35,5.477225575051662,8.366600265340754,365,2,31,5,40,2,0,2,40,0.2,/scratch/j.min/TPC_evol_SLiM,include_STDEV_POP_prop_0.30000000000000004
10,20000,5000,1,5000,1e-07,1e-08,F,F,10,F,./VT_weather.txt,35,6.324555320336759,7.745966692414833,365,2,31,5,40,2,0,2,40,0.2,/scratch/j.min/TPC_evol_SLiM,include_STDEV_POP_prop_0.4
10,20000,5000,1,5000,1e-07,1e-08,F,F,10,F,./VT_weather.txt,35,7.0710678118654755,7.071067811865475,365,2,31,5,40,2,0,2,40,0.2,/scratch/j.min/TPC_evol_SLiM,include_STDEV_POP_prop_0.5
10,20000,5000,1,5000,1e-07,1e-08,F,F,10,F,./VT_weather.txt,35,7.745966692414834,6.324555320336758,365,2,31,5,40,2,0,2,40,0.2,/scratch/j.min/TPC_evol_SLiM,include_STDEV_POP_prop_0.6000000000000001
10,20000,5000,1,5000,1e-07,1e-08,F,F,10,F,./VT_weather.txt,35,8.366600265340756,5.477225575051661,365,2,31,5,40,2,0,2,40,0.2,/scratch/j.min/TPC_evol_SLiM,include_STDEV_POP_prop_0.7000000000000001
10,20000,5000,1,5000,1e-07,1e-08,F,F,10,F,./VT_weather.txt,35,8.94427190999916,4.472135954999578,365,2,31,5,40,2,0,2,40,0.2,/scratch/j.min/TPC_evol_SLiM,include_STDEV_POP_prop_0.8
10,20000,5000,1,5000,1e-07,1e-08,F,F,10,F,./VT_weather.txt,35,9.486832980505138,3.1622776601683795,365,2,31,5,40,2,0,2,40,0.2,/scratch/j.min/TPC_evol_SLiM,include_STDEV_POP_prop_0.9
10,20000,5000,1,5000,1e-07,1e-08,F,F,10,F,./VT_weather.txt,35,10.0,0.0,365,2,31,5,40,2,0,2,40,0.2,/scratch/j.min/TPC_evol_SLiM,include_STDEV_POP_prop_1.0
11,20000,5000,1,5000,1e-07,1e-08,F,F,10,F,./VT_weather.txt,35,0.0,10.0,365,2,31,5,40,2,0,2,40,0.2,/scratch/j.min/TPC_evol_SLiM,include_STDEV_POP_prop_0.0
11,20000,5000,1,5000,1e-07,1e-08,F,F,10,F,./VT_weather.txt,35,3.1622776601683795,9.486832980505138,365,2,31,5,40,2,0,2,40,0.2,/scratch/j.min/TPC_evol_SLiM,include_STDEV_POP_prop_0.1
11,20000,5000,1,5000,1e-07,1e-08,F,F,10,F,./VT_weather.txt,35,4.47213595499958,8.94427190999916,365,2,31,5,40,2,0,2,40,0.2,/scratch/j.min/TPC_evol_SLiM,include_STDEV_POP_prop_0.2
11,20000,5000,1,5000,1e-07,1e-08,F,F,10,F,./VT_weather.txt,35,5.477225575051662,8.366600265340754,365,2,31,5,40,2,0,2,40,0.2,/scratch/j.min/TPC_evol_SLiM,include_STDEV_POP_prop_0.30000000000000004
11,20000,5000,1,5000,1e-07,1e-08,F,F,10,F,./VT_weather.txt,35,6.324555320336759,7.745966692414833,365,2,31,5,40,2,0,2,40,0.2,/scratch/j.min/TPC_evol_SLiM,include_STDEV_POP_prop_0.4
11,20000,5000,1,5000,1e-07,1e-08,F,F,10,F,./VT_weather.txt,35,7.0710678118654755,7.071067811865475,365,2,31,5,40,2,0,2,40,0.2,/scratch/j.min/TPC_evol_SLiM,include_STDEV_POP_prop_0.5
11,20000,5000,1,5000,1e-07,1e-08,F,F,10,F,./VT_weather.txt,35,7.745966692414834,6.324555320336758,365,2,31,5,40,2,0,2,40,0.2,/scratch/j.min/TPC_evol_SLiM,include_STDEV_POP_prop_0.6000000000000001
11,20000,5000,1,5000,1e-07,1e-08,F,F,10,F,./VT_weather.txt,35,8.366600265340756,5.477225575051661,365,2,31,5,40,2,0,2,40,0.2,/scratch/j.min/TPC_evol_SLiM,include_STDEV_POP_prop_0.7000000000000001
11,20000,5000,1,5000,1e-07,1e-08,F,F,10,F,./VT_weather.txt,35,8.94427190999916,4.472135954999578,365,2,31,5,40,2,0,2,40,0.2,/scratch/j.min/TPC_evol_SLiM,include_STDEV_POP_prop_0.8
11,20000,5000,1,5000,1e-07,1e-08,F,F,10,F,./VT_weather.txt,35,9.486832980505138,3.1622776601683795,365,2,31,5,40,2,0,2,40,0.2,/scratch/j.min/TPC_evol_SLiM,include_STDEV_POP_prop_0.9
11,20000,5000,1,5000,1e-07,1e-08,F,F,10,F,./VT_weather.txt,35,10.0,0.0,365,2,31,5,40,2,0,2,40,0.2,/scratch/j.min/TPC_evol_SLiM,include_STDEV_POP_prop_1.0
12,20000,5000,1,5000,1e-07,1e-08,F,F,10,F,./VT_weather.txt,35,0.0,10.0,365,2,31,5,40,2,0,2,40,0.2,/scratch/j.min/TPC_evol_SLiM,include_STDEV_POP_prop_0.0
12,20000,5000,1,5000,1e-07,1e-08,F,F,10,F,./VT_weather.txt,35,3.1622776601683795,9.486832980505138,365,2,31,5,40,2,0,2,40,0.2,/scratch/j.min/TPC_evol_SLiM,include_STDEV_POP_prop_0.1
12,20000,5000,1,5000,1e-07,1e-08,F,F,10,F,./VT_weather.txt,35,4.47213595499958,8.94427190999916,365,2,31,5,40,2,0,2,40,0.2,/scratch/j.min/TPC_evol_SLiM,include_STDEV_POP_prop_0.2
12,20000,5000,1,5000,1e-07,1e-08,F,F,10,F,./VT_weather.txt,35,5.477225575051662,8.366600265340754,365,2,31,5,40,2,0,2,40,0.2,/scratch/j.min/TPC_evol_SLiM,include_STDEV_POP_prop_0.30000000000000004
12,20000,5000,1,5000,1e-07,1e-08,F,F,10,F,./VT_weather.txt,35,6.324555320336759,7.745966692414833,365,2,31,5,40,2,0,2,40,0.2,/scratch/j.min/TPC_evol_SLiM,include_STDEV_POP_prop_0.4
12,20000,5000,1,5000,1e-07,1e-08,F,F,10,F,./VT_weather.txt,35,7.0710678118654755,7.071067811865475,365,2,31,5,40,2,0,2,40,0.2,/scratch/j.min/TPC_evol_SLiM,include_STDEV_POP_prop_0.5
12,20000,5000,1,5000,1e-07,1e-08,F,F,10,F,./VT_weather.txt,35,7.745966692414834,6.324555320336758,365,2,31,5,40,2,0,2,40,0.2,/scratch/j.min/TPC_evol_SLiM,include_STDEV_POP_prop_0.6000000000000001
12,20000,5000,1,5000,1e-07,1e-08,F,F,10,F,./VT_weather.txt,35,8.366600265340756,5.477225575051661,365,2,31,5,40,2,0,2,40,0.2,/scratch/j.min/TPC_evol_SLiM,include_STDEV_POP_prop_0.7000000000000001
12,20000,5000,1,5000,1e-07,1e-08,F,F,10,F,./VT_weather.txt,35,8.94427190999916,4.472135954999578,365,2,31,5,40,2,0,2,40,0.2,/scratch/j.min/TPC_evol_SLiM,include_STDEV_POP_prop_0.8
12,20000,5000,1,5000,1e-07,1e-08,F,F,10,F,./VT_weather.txt,35,9.486832980505138,3.1622776601683795,365,2,31,5,40,2,0,2,40,0.2,/scratch/j.min/TPC_evol_SLiM,include_STDEV_POP_prop_0.9
12,20000,5000,1,5000,1e-07,1e-08,F,F,10,F,./VT_weather.txt,35,10.0,0.0,365,2,31,5,40,2,0,2,40,0.2,/scratch/j.min/TPC_evol_SLiM,include_STDEV_POP_prop_1.0
13,20000,5000,1,5000,1e-07,1e-08,F,F,10,F,./VT_weather.txt,35,0.0,10.0,365,2,31,5,40,2,0,2,40,0.2,/scratch/j.min/TPC_evol_SLiM,include_STDEV_POP_prop_0.0
13,20000,5000,1,5000,1e-07,1e-08,F,F,10,F,./VT_weather.txt,35,3.1622776601683795,9.486832980505138,365,2,31,5,40,2,0,2,40,0.2,/scratch/j.min/TPC_evol_SLiM,include_STDEV_POP_prop_0.1
13,20000,5000,1,5000,1e-07,1e-08,F,F,10,F,./VT_weather.txt,35,4.47213595499958,8.94427190999916,365,2,31,5,40,2,0,2,40,0.2,/scratch/j.min/TPC_evol_SLiM,include_STDEV_POP_prop_0.2
13,20000,5000,1,5000,1e-07,1e-08,F,F,10,F,./VT_weather.txt,35,5.477225575051662,8.366600265340754,365,2,31,5,40,2,0,2,40,0.2,/scratch/j.min/TPC_evol_SLiM,include_STDEV_POP_prop_0.30000000000000004
13,20000,5000,1,5000,1e-07,1e-08,F,F,10,F,./VT_weather.txt,35,6.324555320336759,7.745966692414833,365,2,31,5,40,2,0,2,40,0.2,/scratch/j.min/TPC_evol_SLiM,include_STDEV_POP_prop_0.4
13,20000,5000,1,5000,1e-07,1e-08,F,F,10,F,./VT_weather.txt,35,7.0710678118654755,7.071067811865475,365,2,31,5,40,2,0,2,40,0.2,/scratch/j.min/TPC_evol_SLiM,include_STDEV_POP_prop_0.5
13,20000,5000,1,5000,1e-07,1e-08,F,F,10,F,./VT_weather.txt,35,7.745966692414834,6.324555320336758,365,2,31,5,40,2,0,2,40,0.2,/scratch/j.min/TPC_evol_SLiM,include_STDEV_POP_prop_0.6000000000000001
13,20000,5000,1,5000,1e-07,1e-08,F,F,10,F,./VT_weather.txt,35,8.366600265340756,5.477225575051661,365,2,31,5,40,2,0,2,40,0.2,/scratch/j.min/TPC_evol_SLiM,include_STDEV_POP_prop_0.7000000000000001
13,20000,5000,1,5000,1e-07,1e-08,F,F,10,F,./VT_weather.txt,35,8.94427190999916,4.472135954999578,365,2,31,5,40,2,0,2,40,0.2,/scratch/j.min/TPC_evol_SLiM,include_STDEV_POP_prop_0.8
13,20000,5000,1,5000,1e-07,1e-08,F,F,10,F,./VT_weather.txt,35,9.486832980505138,3.1622776601683795,365,2,31,5,40,2,0,2,40,0.2,/scratch/j.min/TPC_evol_SLiM,include_STDEV_POP_prop_0.9
13,20000,5000,1,5000,1e-07,1e-08,F,F,10,F,./VT_weather.txt,35,10.0,0.0,365,2,31,5,40,2,0,2,40,0.2,/scratch/j.min/TPC_evol_SLiM,include_STDEV_POP_prop_1.0
14,20000,5000,1,5000,1e-07,1e-08,F,F,10,F,./VT_weather.txt,35,0.0,10.0,365,2,31,5,40,2,0,2,40,0.2,/scratch/j.min/TPC_evol_SLiM,include_STDEV_POP_prop_0.0
14,20000,5000,1,5000,1e-07,1e-08,F,F,10,F,./VT_weather.txt,35,3.1622776601683795,9.486832980505138,365,2,31,5,40,2,0,2,40,0.2,/scratch/j.min/TPC_evol_SLiM,include_STDEV_POP_prop_0.1
14,20000,5000,1,5000,1e-07,1e-08,F,F,10,F,./VT_weather.txt,35,4.47213595499958,8.94427190999916,365,2,31,5,40,2,0,2,40,0.2,/scratch/j.min/TPC_evol_SLiM,include_STDEV_POP_prop_0.2
14,20000,5000,1,5000,1e-07,1e-08,F,F,10,F,./VT_weather.txt,35,5.477225575051662,8.366600265340754,365,2,31,5,40,2,0,2,40,0.2,/scratch/j.min/TPC_evol_SLiM,include_STDEV_POP_prop_0.30000000000000004
14,20000,5000,1,5000,1e-07,1e-08,F,F,10,F,./VT_weather.txt,35,6.324555320336759,7.745966692414833,365,2,31,5,40,2,0,2,40,0.2,/scratch/j.min/TPC_evol_SLiM,include_STDEV_POP_prop_0.4
14,20000,5000,1,5000,1e-07,1e-08,F,F,10,F,./VT_weather.txt,35,7.0710678118654755,7.071067811865475,365,2,31,5,40,2,0,2,40,0.2,/scratch/j.min/TPC_evol_SLiM,include_STDEV_POP_prop_0.5
14,20000,5000,1,5000,1e-07,1e-08,F,F,10,F,./VT_weather.txt,35,7.745966692414834,6.324555320336758,365,2,31,5,40,2,0,2,40,0.2,/scratch/j.min/TPC_evol_SLiM,include_STDEV_POP_prop_0.6000000000000001
14,20000,5000,1,5000,1e-07,1e-08,F,F,10,F,./VT_weather.txt,35,8.366600265340756,5.477225575051661,365,2,31,5,40,2,0,2,40,0.2,/scratch/j.min/TPC_evol_SLiM,include_STDEV_POP_prop_0.7000000000000001
14,20000,5000,1,5000,1e-07,1e-08,F,F,10,F,./VT_weather.txt,35,8.94427190999916,4.472135954999578,365,2,31,5,40,2,0,2,40,0.2,/scratch/j.min/TPC_evol_SLiM,include_STDEV_POP_prop_0.8
14,20000,5000,1,5000,1e-07,1e-08,F,F,10,F,./VT_weather.txt,35,9.486832980505138,3.1622776601683795,365,2,31,5,40,2,0,2,40,0.2,/scratch/j.min/TPC_evol_SLiM,include_STDEV_POP_prop_0.9
14,20000,5000,1,5000,1e-07,1e-08,F,F,10,F,./VT_weather.txt,35,10.0,0.0,365,2,31,5,40,2,0,2,40,0.2,/scratch/j.min/TPC_evol_SLiM,include_STDEV_POP_prop_1.0
15,20000,5000,1,5000,1e-07,1e-08,F,F,10,F,./VT_weather.txt,35,0.0,10.0,365,2,31,5,40,2,0,2,40,0.2,/scratch/j.min/TPC_evol_SLiM,include_STDEV_POP_prop_0.0
15,20000,5000,1,5000,1e-07,1e-08,F,F,10,F,./VT_weather.txt,35,3.1622776601683795,9.486832980505138,365,2,31,5,40,2,0,2,40,0.2,/scratch/j.min/TPC_evol_SLiM,include_STDEV_POP_prop_0.1
15,20000,5000,1,5000,1e-07,1e-08,F,F,10,F,./VT_weather.txt,35,4.47213595499958,8.94427190999916,365,2,31,5,40,2,0,2,40,0.2,/scratch/j.min/TPC_evol_SLiM,include_STDEV_POP_prop_0.2
15,20000,5000,1,5000,1e-07,1e-08,F,F,10,F,./VT_weather.txt,35,5.477225575051662,8.366600265340754,365,2,31,5,40,2,0,2,40,0.2,/scratch/j.min/TPC_evol_SLiM,include_STDEV_POP_prop_0.30000000000000004
15,20000,5000,1,5000,1e-07,1e-08,F,F,10,F,./VT_weather.txt,35,6.324555320336759,7.745966692414833,365,2,31,5,40,2,0,2,40,0.2,/scratch/j.min/TPC_evol_SLiM,include_STDEV_POP_prop_0.4
15,20000,5000,1,5000,1e-07,1e-08,F,F,10,F,./VT_weather.txt,35,7.0710678118654755,7.071067811865475,365,2,31,5,40,2,0,2,40,0.2,/scratch/j.min/TPC_evol_SLiM,include_STDEV_POP_prop_0.5
15,20000,5000,1,5000,1e-07,1e-08,F,F,10,F,./VT_weather.txt,35,7.745966692414834,6.324555320336758,365,2,31,5,40,2,0,2,40,0.2,/scratch/j.min/TPC_evol_SLiM,include_STDEV_POP_prop_0.6000000000000001
15,20000,5000,1,5000,1e-07,1e-08,F,F,10,F,./VT_weather.txt,35,8.366600265340756,5.477225575051661,365,2,31,5,40,2,0,2,40,0.2,/scratch/j.min/TPC_evol_SLiM,include_STDEV_POP_prop_0.7000000000000001
15,20000,5000,1,5000,1e-07,1e-08,F,F,10,F,./VT_weather.txt,35,8.94427190999916,4.472135954999578,365,2,31,5,40,2,0,2,40,0.2,/scratch/j.min/TPC_evol_SLiM,include_STDEV_POP_prop_0.8
15,20000,5000,1,5000,1e-07,1e-08,F,F,10,F,./VT_weather.txt,35,9.486832980505138,3.1622776601683795,365,2,31,5,40,2,0,2,40,0.2,/scratch/j.min/TPC_evol_SLiM,include_STDEV_POP_prop_0.9
15,20000,5000,1,5000,1e-07,1e-08,F,F,10,F,./VT_weather.txt,35,10.0,0.0,365,2,31,5,40,2,0,2,40,0.2,/scratch/j.min/TPC_evol_SLiM,include_STDEV_POP_prop_1.0
16,20000,5000,1,5000,1e-07,1e-08,F,F,10,F,./VT_weather.txt,35,0.0,10.0,365,2,31,5,40,2,0,2,40,0.2,/scratch/j.min/TPC_evol_SLiM,include_STDEV_POP_prop_0.0
16,20000,5000,1,5000,1e-07,1e-08,F,F,10,F,./VT_weather.txt,35,3.1622776601683795,9.486832980505138,365,2,31,5,40,2,0,2,40,0.2,/scratch/j.min/TPC_evol_SLiM,include_STDEV_POP_prop_0.1
16,20000,5000,1,5000,1e-07,1e-08,F,F,10,F,./VT_weather.txt,35,4.47213595499958,8.94427190999916,365,2,31,5,40,2,0,2,40,0.2,/scratch/j.min/TPC_evol_SLiM,include_STDEV_POP_prop_0.2
16,20000,5000,1,5000,1e-07,1e-08,F,F,10,F,./VT_weather.txt,35,5.477225575051662,8.366600265340754,365,2,31,5,40,2,0,2,40,0.2,/scratch/j.min/TPC_evol_SLiM,include_STDEV_POP_prop_0.30000000000000004
16,20000,5000,1,5000,1e-07,1e-08,F,F,10,F,./VT_weather.txt,35,6.324555320336759,7.745966692414833,365,2,31,5,40,2,0,2,40,0.2,/scratch/j.min/TPC_evol_SLiM,include_STDEV_POP_prop_0.4
16,20000,5000,1,5000,1e-07,1e-08,F,F,10,F,./VT_weather.txt,35,7.0710678118654755,7.071067811865475,365,2,31,5,40,2,0,2,40,0.2,/scratch/j.min/TPC_evol_SLiM,include_STDEV_POP_prop_0.5
16,20000,5000,1,5000,1e-07,1e-08,F,F,10,F,./VT_weather.txt,35,7.745966692414834,6.324555320336758,365,2,31,5,40,2,0,2,40,0.2,/scratch/j.min/TPC_evol_SLiM,include_STDEV_POP_prop_0.6000000000000001
16,20000,5000,1,5000,1e-07,1e-08,F,F,10,F,./VT_weather.txt,35,8.366600265340756,5.477225575051661,365,2,31,5,40,2,0,2,40,0.2,/scratch/j.min/TPC_evol_SLiM,include_STDEV_POP_prop_0.7000000000000001
16,20000,5000,1,5000,1e-07,1e-08,F,F,10,F,./VT_weather.txt,35,8.94427190999916,4.472135954999578,365,2,31,5,40,2,0,2,40,0.2,/scratch/j.min/TPC_evol_SLiM,include_STDEV_POP_prop_0.8
16,20000,5000,1,5000,1e-07,1e-08,F,F,10,F,./VT_weather.txt,35,9.486832980505138,3.1622776601683795,365,2,31,5,40,2,0,2,40,0.2,/scratch/j.min/TPC_evol_SLiM,include_STDEV_POP_prop_0.9
16,20000,5000,1,5000,1e-07,1e-08,F,F,10,F,./VT_weather.txt,35,10.0,0.0,365,2,31,5,40,2,0,2,40,0.2,/scratch/j.min/TPC_evol_SLiM,include_STDEV_POP_prop_1.0
17,20000,5000,1,5000,1e-07,1e-08,F,F,10,F,./VT_weather.txt,35,0.0,10.0,365,2,31,5,40,2,0,2,40,0.2,/scratch/j.min/TPC_evol_SLiM,include_STDEV_POP_prop_0.0
17,20000,5000,1,5000,1e-07,1e-08,F,F,10,F,./VT_weather.txt,35,3.1622776601683795,9.486832980505138,365,2,31,5,40,2,0,2,40,0.2,/scratch/j.min/TPC_evol_SLiM,include_STDEV_POP_prop_0.1
17,20000,5000,1,5000,1e-07,1e-08,F,F,10,F,./VT_weather.txt,35,4.47213595499958,8.94427190999916,365,2,31,5,40,2,0,2,40,0.2,/scratch/j.min/TPC_evol_SLiM,include_STDEV_POP_prop_0.2
17,20000,5000,1,5000,1e-07,1e-08,F,F,10,F,./VT_weather.txt,35,5.477225575051662,8.366600265340754,365,2,31,5,40,2,0,2,40,0.2,/scratch/j.min/TPC_evol_SLiM,include_STDEV_POP_prop_0.30000000000000004
17,20000,5000,1,5000,1e-07,1e-08,F,F,10,F,./VT_weather.txt,35,6.324555320336759,7.745966692414833,365,2,31,5,40,2,0,2,40,0.2,/scratch/j.min/TPC_evol_SLiM,include_STDEV_POP_prop_0.4
17,20000,5000,1,5000,1e-07,1e-08,F,F,10,F,./VT_weather.txt,35,7.0710678118654755,7.071067811865475,365,2,31,5,40,2,0,2,40,0.2,/scratch/j.min/TPC_evol_SLiM,include_STDEV_POP_prop_0.5
17,20000,5000,1,5000,1e-07,1e-08,F,F,10,F,./VT_weather.txt,35,7.745966692414834,6.324555320336758,365,2,31,5,40,2,0,2,40,0.2,/scratch/j.min/TPC_evol_SLiM,include_STDEV_POP_prop_0.6000000000000001
17,20000,5000,1,5000,1e-07,1e-08,F,F,10,F,./VT_weather.txt,35,8.366600265340756,5.477225575051661,365,2,31,5,40,2,0,2,40,0.2,/scratch/j.min/TPC_evol_SLiM,include_STDEV_POP_prop_0.7000000000000001
17,20000,5000,1,5000,1e-07,1e-08,F,F,10,F,./VT_weather.txt,35,8.94427190999916,4.472135954999578,365,2,31,5,40,2,0,2,40,0.2,/scratch/j.min/TPC_evol_SLiM,include_STDEV_POP_prop_0.8
17,20000,5000,1,5000,1e-07,1e-08,F,F,10,F,./VT_weather.txt,35,9.486832980505138,3.1622776601683795,365,2,31,5,40,2,0,2,40,0.2,/scratch/j.min/TPC_evol_SLiM,include_STDEV_POP_prop_0.9
17,20000,5000,1,5000,1e-07,1e-08,F,F,10,F,./VT_weather.txt,35,10.0,0.0,365,2,31,5,40,2,0,2,40,0.2,/scratch/j.min/TPC_evol_SLiM,include_STDEV_POP_prop_1.0
18,20000,5000,1,5000,1e-07,1e-08,F,F,10,F,./VT_weather.txt,35,0.0,10.0,365,2,31,5,40,2,0,2,40,0.2,/scratch/j.min/TPC_evol_SLiM,include_STDEV_POP_prop_0.0
18,20000,5000,1,5000,1e-07,1e-08,F,F,10,F,./VT_weather.txt,35,3.1622776601683795,9.486832980505138,365,2,31,5,40,2,0,2,40,0.2,/scratch/j.min/TPC_evol_SLiM,include_STDEV_POP_prop_0.1
18,20000,5000,1,5000,1e-07,1e-08,F,F,10,F,./VT_weather.txt,35,4.47213595499958,8.94427190999916,365,2,31,5,40,2,0,2,40,0.2,/scratch/j.min/TPC_evol_SLiM,include_STDEV_POP_prop_0.2
18,20000,5000,1,5000,1e-07,1e-08,F,F,10,F,./VT_weather.txt,35,5.477225575051662,8.366600265340754,365,2,31,5,40,2,0,2,40,0.2,/scratch/j.min/TPC_evol_SLiM,include_STDEV_POP_prop_0.30000000000000004
18,20000,5000,1,5000,1e-07,1e-08,F,F,10,F,./VT_weather.txt,35,6.324555320336759,7.745966692414833,365,2,31,5,40,2,0,2,40,0.2,/scratch/j.min/TPC_evol_SLiM,include_STDEV_POP_prop_0.4
18,20000,5000,1,5000,1e-07,1e-08,F,F,10,F,./VT_weather.txt,35,7.0710678118654755,7.071067811865475,365,2,31,5,40,2,0,2,40,0.2,/scratch/j.min/TPC_evol_SLiM,include_STDEV_POP_prop_0.5
18,20000,5000,1,5000,1e-07,1e-08,F,F,10,F,./VT_weather.txt,35,7.745966692414834,6.324555320336758,365,2,31,5,40,2,0,2,40,0.2,/scratch/j.min/TPC_evol_SLiM,include_STDEV_POP_prop_0.6000000000000001
18,20000,5000,1,5000,1e-07,1e-08,F,F,10,F,./VT_weather.txt,35,8.366600265340756,5.477225575051661,365,2,31,5,40,2,0,2,40,0.2,/scratch/j.min/TPC_evol_SLiM,include_STDEV_POP_prop_0.7000000000000001
18,20000,5000,1,5000,1e-07,1e-08,F,F,10,F,./VT_weather.txt,35,8.94427190999916,4.472135954999578,365,2,31,5,40,2,0,2,40,0.2,/scratch/j.min/TPC_evol_SLiM,include_STDEV_POP_prop_0.8
18,20000,5000,1,5000,1e-07,1e-08,F,F,10,F,./VT_weather.txt,35,9.486832980505138,3.1622776601683795,365,2,31,5,40,2,0,2,40,0.2,/scratch/j.min/TPC_evol_SLiM,include_STDEV_POP_prop_0.9
18,20000,5000,1,5000,1e-07,1e-08,F,F,10,F,./VT_weather.txt,35,10.0,0.0,365,2,31,5,40,2,0,2,40,0.2,/scratch/j.min/TPC_evol_SLiM,include_STDEV_POP_prop_1.0
19,20000,5000,1,5000,1e-07,1e-08,F,F,10,F,./VT_weather.txt,35,0.0,10.0,365,2,31,5,40,2,0,2,40,0.2,/scratch/j.min/TPC_evol_SLiM,include_STDEV_POP_prop_0.0
19,20000,5000,1,5000,1e-07,1e-08,F,F,10,F,./VT_weather.txt,35,3.1622776601683795,9.486832980505138,365,2,31,5,40,2,0,2,40,0.2,/scratch/j.min/TPC_evol_SLiM,include_STDEV_POP_prop_0.1
19,20000,5000,1,5000,1e-07,1e-08,F,F,10,F,./VT_weather.txt,35,4.47213595499958,8.94427190999916,365,2,31,5,40,2,0,2,40,0.2,/scratch/j.min/TPC_evol_SLiM,include_STDEV_POP_prop_0.2
19,20000,5000,1,5000,1e-07,1e-08,F,F,10,F,./VT_weather.txt,35,5.477225575051662,8.366600265340754,365,2,31,5,40,2,0,2,40,0.2,/scratch/j.min/TPC_evol_SLiM,include_STDEV_POP_prop_0.30000000000000004
19,20000,5000,1,5000,1e-07,1e-08,F,F,10,F,./VT_weather.txt,35,6.324555320336759,7.745966692414833,365,2,31,5,40,2,0,2,40,0.2,/scratch/j.min/TPC_evol_SLiM,include_STDEV_POP_prop_0.4
19,20000,5000,1,5000,1e-07,1e-08,F,F,10,F,./VT_weather.txt,35,7.0710678118654755,7.071067811865475,365,2,31,5,40,2,0,2,40,0.2,/scratch/j.min/TPC_evol_SLiM,include_STDEV_POP_prop_0.5
19,20000,5000,1,5000,1e-07,1e-08,F,F,10,F,./VT_weather.txt,35,7.745966692414834,6.324555320336758,365,2,31,5,40,2,0,2,40,0.2,/scratch/j.min/TPC_evol_SLiM,include_STDEV_POP_prop_0.6000000000000001
19,20000,5000,1,5000,1e-07,1e-08,F,F,10,F,./VT_weather.txt,35,8.366600265340756,5.477225575051661,365,2,31,5,40,2,0,2,40,0.2,/scratch/j.min/TPC_evol_SLiM,include_STDEV_POP_prop_0.7000000000000001
19,20000,5000,1,5000,1e-07,1e-08,F,F,10,F,./VT_weather.txt,35,8.94427190999916,4.472135954999578,365,2,31,5,40,2,0,2,40,0.2,/scratch/j.min/TPC_evol_SLiM,include_STDEV_POP_prop_0.8
19,20000,5000,1,5000,1e-07,1e-08,F,F,10,F,./VT_weather.txt,35,9.486832980505138,3.1622776601683795,365,2,31,5,40,2,0,2,40,0.2,/scratch/j.min/TPC_evol_SLiM,include_STDEV_POP_prop_0.9
19,20000,5000,1,5000,1e-07,1e-08,F,F,10,F,./VT_weather.txt,35,10.0,0.0,365,2,31,5,40,2,0,2,40,0.2,/scratch/j.min/TPC_evol_SLiM,include_STDEV_POP_prop_1.0
20,20000,5000,1,5000,1e-07,1e-08,F,F,10,F,./VT_weather.txt,35,0.0,10.0,365,2,31,5,40,2,0,2,40,0.2,/scratch/j.min/TPC_evol_SLiM,include_STDEV_POP_prop_0.0
20,20000,5000,1,5000,1e-07,1e-08,F,F,10,F,./VT_weather.txt,35,3.1622776601683795,9.486832980505138,365,2,31,5,40,2,0,2,40,0.2,/scratch/j.min/TPC_evol_SLiM,include_STDEV_POP_prop_0.1
20,20000,5000,1,5000,1e-07,1e-08,F,F,10,F,./VT_weather.txt,35,4.47213595499958,8.94427190999916,365,2,31,5,40,2,0,2,40,0.2,/scratch/j.min/TPC_evol_SLiM,include_STDEV_POP_prop_0.2
20,20000,5000,1,5000,1e-07,1e-08,F,F,10,F,./VT_weather.txt,35,5.477225575051662,8.366600265340754,365,2,31,5,40,2,0,2,40,0.2,/scratch/j.min/TPC_evol_SLiM,include_STDEV_POP_prop_0.30000000000000004
20,20000,5000,1,5000,1e-07,1e-08,F,F,10,F,./VT_weather.txt,35,6.324555320336759,7.745966692414833,365,2,31,5,40,2,0,2,40,0.2,/scratch/j.min/TPC_evol_SLiM,include_STDEV_POP_prop_0.4
20,20000,5000,1,5000,1e-07,1e-08,F,F,10,F,./VT_weather.txt,35,7.0710678118654755,7.071067811865475,365,2,31,5,40,2,0,2,40,0.2,/scratch/j.min/TPC_evol_SLiM,include_STDEV_POP_prop_0.5
20,20000,5000,1,5000,1e-07,1e-08,F,F,10,F,./VT_weather.txt,35,7.745966692414834,6.324555320336758,365,2,31,5,40,2,0,2,40,0.2,/scratch/j.min/TPC_evol_SLiM,include_STDEV_POP_prop_0.6000000000000001
20,20000,5000,1,5000,1e-07,1e-08,F,F,10,F,./VT_weather.txt,35,8.366600265340756,5.477225575051661,365,2,31,5,40,2,0,2,40,0.2,/scratch/j.min/TPC_evol_SLiM,include_STDEV_POP_prop_0.7000000000000001
20,20000,5000,1,5000,1e-07,1e-08,F,F,10,F,./VT_weather.txt,35,8.94427190999916,4.472135954999578,365,2,31,5,40,2,0,2,40,0.2,/scratch/j.min/TPC_evol_SLiM,include_STDEV_POP_prop_0.8
20,20000,5000,1,5000,1e-07,1e-08,F,F,10,F,./VT_weather.txt,35,9.486832980505138,3.1622776601683795,365,2,31,5,40,2,0,2,40,0.2,/scratch/j.min/TPC_evol_SLiM,include_STDEV_POP_prop_0.9
20,20000,5000,1,5000,1e-07,1e-08,F,F,10,F,./VT_weather.txt,35,10.0,0.0,365,2,31,5,40,2,0,2,40,0.2,/scratch/j.min/TPC_evol_SLiM,include_STDEV_POP_prop_1.0
21,20000,5000,1,5000,1e-07,1e-08,F,F,10,F,./VT_weather.txt,35,0.0,10.0,365,2,31,5,40,2,0,2,40,0.2,/scratch/j.min/TPC_evol_SLiM,include_STDEV_POP_prop_0.0
21,20000,5000,1,5000,1e-07,1e-08,F,F,10,F,./VT_weather.txt,35,3.1622776601683795,9.486832980505138,365,2,31,5,40,2,0,2,40,0.2,/scratch/j.min/TPC_evol_SLiM,include_STDEV_POP_prop_0.1
21,20000,5000,1,5000,1e-07,1e-08,F,F,10,F,./VT_weather.txt,35,4.47213595499958,8.94427190999916,365,2,31,5,40,2,0,2,40,0.2,/scratch/j.min/TPC_evol_SLiM,include_STDEV_POP_prop_0.2
21,20000,5000,1,5000,1e-07,1e-08,F,F,10,F,./VT_weather.txt,35,5.477225575051662,8.366600265340754,365,2,31,5,40,2,0,2,40,0.2,/scratch/j.min/TPC_evol_SLiM,include_STDEV_POP_prop_0.30000000000000004
21,20000,5000,1,5000,1e-07,1e-08,F,F,10,F,./VT_weather.txt,35,6.324555320336759,7.745966692414833,365,2,31,5,40,2,0,2,40,0.2,/scratch/j.min/TPC_evol_SLiM,include_STDEV_POP_prop_0.4
21,20000,5000,1,5000,1e-07,1e-08,F,F,10,F,./VT_weather.txt,35,7.0710678118654755,7.071067811865475,365,2,31,5,40,2,0,2,40,0.2,/scratch/j.min/TPC_evol_SLiM,include_STDEV_POP_prop_0.5
21,20000,5000,1,5000,1e-07,1e-08,F,F,10,F,./VT_weather.txt,35,7.745966692414834,6.324555320336758,365,2,31,5,40,2,0,2,40,0.2,/scratch/j.min/TPC_evol_SLiM,include_STDEV_POP_prop_0.6000000000000001
21,20000,5000,1,5000,1e-07,1e-08,F,F,10,F,./VT_weather.txt,35,8.366600265340756,5.477225575051661,365,2,31,5,40,2,0,2,40,0.2,/scratch/j.min/TPC_evol_SLiM,include_STDEV_POP_prop_0.7000000000000001
21,20000,5000,1,5000,1e-07,1e-08,F,F,10,F,./VT_weather.txt,35,8.94427190999916,4.472135954999578,365,2,31,5,40,2,0,2,40,0.2,/scratch/j.min/TPC_evol_SLiM,include_STDEV_POP_prop_0.8
21,20000,5000,1,5000,1e-07,1e-08,F,F,10,F,./VT_weather.txt,35,9.486832980505138,3.1622776601683795,365,2,31,5,40,2,0,2,40,0.2,/scratch/j.min/TPC_evol_SLiM,include_STDEV_POP_prop_0.9
21,20000,5000,1,5000,1e-07,1e-08,F,F,10,F,./VT_weather.txt,35,10.0,0.0,365,2,31,5,40,2,0,2,40,0.2,/scratch/j.min/TPC_evol_SLiM,include_STDEV_POP_prop_1.0
22,20000,5000,1,5000,1e-07,1e-08,F,F,10,F,./VT_weather.txt,35,0.0,10.0,365,2,31,5,40,2,0,2,40,0.2,/scratch/j.min/TPC_evol_SLiM,include_STDEV_POP_prop_0.0
22,20000,5000,1,5000,1e-07,1e-08,F,F,10,F,./VT_weather.txt,35,3.1622776601683795,9.486832980505138,365,2,31,5,40,2,0,2,40,0.2,/scratch/j.min/TPC_evol_SLiM,include_STDEV_POP_prop_0.1
22,20000,5000,1,5000,1e-07,1e-08,F,F,10,F,./VT_weather.txt,35,4.47213595499958,8.94427190999916,365,2,31,5,40,2,0,2,40,0.2,/scratch/j.min/TPC_evol_SLiM,include_STDEV_POP_prop_0.2
22,20000,5000,1,5000,1e-07,1e-08,F,F,10,F,./VT_weather.txt,35,5.477225575051662,8.366600265340754,365,2,31,5,40,2,0,2,40,0.2,/scratch/j.min/TPC_evol_SLiM,include_STDEV_POP_prop_0.30000000000000004
22,20000,5000,1,5000,1e-07,1e-08,F,F,10,F,./VT_weather.txt,35,6.324555320336759,7.745966692414833,365,2,31,5,40,2,0,2,40,0.2,/scratch/j.min/TPC_evol_SLiM,include_STDEV_POP_prop_0.4
22,20000,5000,1,5000,1e-07,1e-08,F,F,10,F,./VT_weather.txt,35,7.0710678118654755,7.071067811865475,365,2,31,5,40,2,0,2,40,0.2,/scratch/j.min/TPC_evol_SLiM,include_STDEV_POP_prop_0.5
22,20000,5000,1,5000,1e-07,1e-08,F,F,10,F,./VT_weather.txt,35,7.745966692414834,6.324555320336758,365,2,31,5,40,2,0,2,40,0.2,/scratch/j.min/TPC_evol_SLiM,include_STDEV_POP_prop_0.6000000000000001
22,20000,5000,1,5000,1e-07,1e-08,F,F,10,F,./VT_weather.txt,35,8.366600265340756,5.477225575051661,365,2,31,5,40,2,0,2,40,0.2,/scratch/j.min/TPC_evol_SLiM,include_STDEV_POP_prop_0.7000000000000001
22,20000,5000,1,5000,1e-07,1e-08,F,F,10,F,./VT_weather.txt,35,8.94427190999916,4.472135954999578,365,2,31,5,40,2,0,2,40,0.2,/scratch/j.min/TPC_evol_SLiM,include_STDEV_POP_prop_0.8
22,20000,5000,1,5000,1e-07,1e-08,F,F,10,F,./VT_weather.txt,35,9.486832980505138,3.1622776601683795,365,2,31,5,40,2,0,2,40,0.2,/scratch/j.min/TPC_evol_SLiM,include_STDEV_POP_prop_0.9
22,20000,5000,1,5000,1e-07,1e-08,F,F,10,F,./VT_weather.txt,35,10.0,0.0,365,2,31,5,40,2,0,2,40,0.2,/scratch/j.min/TPC_evol_SLiM,include_STDEV_POP_prop_1.0
23,20000,5000,1,5000,1e-07,1e-08,F,F,10,F,./VT_weather.txt,35,0.0,10.0,365,2,31,5,40,2,0,2,40,0.2,/scratch/j.min/TPC_evol_SLiM,include_STDEV_POP_prop_0.0
23,20000,5000,1,5000,1e-07,1e-08,F,F,10,F,./VT_weather.txt,35,3.1622776601683795,9.486832980505138,365,2,31,5,40,2,0,2,40,0.2,/scratch/j.min/TPC_evol_SLiM,include_STDEV_POP_prop_0.1
23,20000,5000,1,5000,1e-07,1e-08,F,F,10,F,./VT_weather.txt,35,4.47213595499958,8.94427190999916,365,2,31,5,40,2,0,2,40,0.2,/scratch/j.min/TPC_evol_SLiM,include_STDEV_POP_prop_0.2
23,20000,5000,1,5000,1e-07,1e-08,F,F,10,F,./VT_weather.txt,35,5.477225575051662,8.366600265340754,365,2,31,5,40,2,0,2,40,0.2,/scratch/j.min/TPC_evol_SLiM,include_STDEV_POP_prop_0.30000000000000004
23,20000,5000,1,5000,1e-07,1e-08,F,F,10,F,./VT_weather.txt,35,6.324555320336759,7.745966692414833,365,2,31,5,40,2,0,2,40,0.2,/scratch/j.min/TPC_evol_SLiM,include_STDEV_POP_prop_0.4
23,20000,5000,1,5000,1e-07,1e-08,F,F,10,F,./VT_weather.txt,35,7.0710678118654755,7.071067811865475,365,2,31,5,40,2,0,2,40,0.2,/scratch/j.min/TPC_evol_SLiM,include_STDEV_POP_prop_0.5
23,20000,5000,1,5000,1e-07,1e-08,F,F,10,F,./VT_weather.txt,35,7.745966692414834,6.324555320336758,365,2,31,5,40,2,0,2,40,0.2,/scratch/j.min/TPC_evol_SLiM,include_STDEV_POP_prop_0.6000000000000001
23,20000,5000,1,5000,1e-07,1e-08,F,F,10,F,./VT_weather.txt,35,8.366600265340756,5.477225575051661,365,2,31,5,40,2,0,2,40,0.2,/scratch/j.min/TPC_evol_SLiM,include_STDEV_POP_prop_0.7000000000000001
23,20000,5000,1,5000,1e-07,1e-08,F,F,10,F,./VT_weather.txt,35,8.94427190999916,4.472135954999578,365,2,31,5,40,2,0,2,40,0.2,/scratch/j.min/TPC_evol_SLiM,include_STDEV_POP_prop_0.8
23,20000,5000,1,5000,1e-07,1e-08,F,F,10,F,./VT_weather.txt,35,9.486832980505138,3.1622776601683795,365,2,31,5,40,2,0,2,40,0.2,/scratch/j.min/TPC_evol_SLiM,include_STDEV_POP_prop_0.9
23,20000,5000,1,5000,1e-07,1e-08,F,F,10,F,./VT_weather.txt,35,10.0,0.0,365,2,31,5,40,2,0,2,40,0.2,/scratch/j.min/TPC_evol_SLiM,include_STDEV_POP_prop_1.0
24,20000,5000,1,5000,1e-07,1e-08,F,F,10,F,./VT_weather.txt,35,0.0,10.0,365,2,31,5,40,2,0,2,40,0.2,/scratch/j.min/TPC_evol_SLiM,include_STDEV_POP_prop_0.0
24,20000,5000,1,5000,1e-07,1e-08,F,F,10,F,./VT_weather.txt,35,3.1622776601683795,9.486832980505138,365,2,31,5,40,2,0,2,40,0.2,/scratch/j.min/TPC_evol_SLiM,include_STDEV_POP_prop_0.1
24,20000,5000,1,5000,1e-07,1e-08,F,F,10,F,./VT_weather.txt,35,4.47213595499958,8.94427190999916,365,2,31,5,40,2,0,2,40,0.2,/scratch/j.min/TPC_evol_SLiM,include_STDEV_POP_prop_0.2
24,20000,5000,1,5000,1e-07,1e-08,F,F,10,F,./VT_weather.txt,35,5.477225575051662,8.366600265340754,365,2,31,5,40,2,0,2,40,0.2,/scratch/j.min/TPC_evol_SLiM,include_STDEV_POP_prop_0.30000000000000004
24,20000,5000,1,5000,1e-07,1e-08,F,F,10,F,./VT_weather.txt,35,6.324555320336759,7.745966692414833,365,2,31,5,40,2,0,2,40,0.2,/scratch/j.min/TPC_evol_SLiM,include_STDEV_POP_prop_0.4
24,20000,5000,1,5000,1e-07,1e-08,F,F,10,F,./VT_weather.txt,35,7.0710678118654755,7.071067811865475,365,2,31,5,40,2,0,2,40,0.2,/scratch/j.min/TPC_evol_SLiM,include_STDEV_POP_prop_0.5
24,20000,5000,1,5000,1e-07,1e-08,F,F,10,F,./VT_weather.txt,35,7.745966692414834,6.324555320336758,365,2,31,5,40,2,0,2,40,0.2,/scratch/j.min/TPC_evol_SLiM,include_STDEV_POP_prop_0.6000000000000001
24,20000,5000,1,5000,1e-07,1e-08,F,F,10,F,./VT_weather.txt,35,8.366600265340756,5.477225575051661,365,2,31,5,40,2,0,2,40,0.2,/scratch/j.min/TPC_evol_SLiM,include_STDEV_POP_prop_0.7000000000000001
24,20000,5000,1,5000,1e-07,1e-08,F,F,10,F,./VT_weather.txt,35,8.94427190999916,4.472135954999578,365,2,31,5,40,2,0,2,40,0.2,/scratch/j.min/TPC_evol_SLiM,include_STDEV_POP_prop_0.8
24,20000,5000,1,5000,1e-07,1e-08,F,F,10,F,./VT_weather.txt,35,9.486832980505138,3.1622776601683795,365,2,31,5,40,2,0,2,40,0.2,/scratch/j.min/TPC_evol_SLiM,include_STDEV_POP_prop_0.9
24,20000,5000,1,5000,1e-07,1e-08,F,F,10,F,./VT_weather.txt,35,10.0,0.0,365,2,31,5,40,2,0,2,40,0.2,/scratch/j.min/TPC_evol_SLiM,include_STDEV_POP_prop_1.0
25,20000,5000,1,5000,1e-07,1e-08,F,F,10,F,./VT_weather.txt,35,0.0,10.0,365,2,31,5,40,2,0,2,40,0.2,/scratch/j.min/TPC_evol_SLiM,include_STDEV_POP_prop_0.0
25,20000,5000,1,5000,1e-07,1e-08,F,F,10,F,./VT_weather.txt,35,3.1622776601683795,9.486832980505138,365,2,31,5,40,2,0,2,40,0.2,/scratch/j.min/TPC_evol_SLiM,include_STDEV_POP_prop_0.1
25,20000,5000,1,5000,1e-07,1e-08,F,F,10,F,./VT_weather.txt,35,4.47213595499958,8.94427190999916,365,2,31,5,40,2,0,2,40,0.2,/scratch/j.min/TPC_evol_SLiM,include_STDEV_POP_prop_0.2
25,20000,5000,1,5000,1e-07,1e-08,F,F,10,F,./VT_weather.txt,35,5.477225575051662,8.366600265340754,365,2,31,5,40,2,0,2,40,0.2,/scratch/j.min/TPC_evol_SLiM,include_STDEV_POP_prop_0.30000000000000004
25,20000,5000,1,5000,1e-07,1e-08,F,F,10,F,./VT_weather.txt,35,6.324555320336759,7.745966692414833,365,2,31,5,40,2,0,2,40,0.2,/scratch/j.min/TPC_evol_SLiM,include_STDEV_POP_prop_0.4
25,20000,5000,1,5000,1e-07,1e-08,F,F,10,F,./VT_weather.txt,35,7.0710678118654755,7.071067811865475,365,2,31,5,40,2,0,2,40,0.2,/scratch/j.min/TPC_evol_SLiM,include_STDEV_POP_prop_0.5
25,20000,5000,1,5000,1e-07,1e-08,F,F,10,F,./VT_weather.txt,35,7.745966692414834,6.324555320336758,365,2,31,5,40,2,0,2,40,0.2,/scratch/j.min/TPC_evol_SLiM,include_STDEV_POP_prop_0.6000000000000001
25,20000,5000,1,5000,1e-07,1e-08,F,F,10,F,./VT_weather.txt,35,8.366600265340756,5.477225575051661,365,2,31,5,40,2,0,2,40,0.2,/scratch/j.min/TPC_evol_SLiM,include_STDEV_POP_prop_0.7000000000000001
25,20000,5000,1,5000,1e-07,1e-08,F,F,10,F,./VT_weather.txt,35,8.94427190999916,4.472135954999578,365,2,31,5,40,2,0,2,40,0.2,/scratch/j.min/TPC_evol_SLiM,include_STDEV_POP_prop_0.8
25,20000,5000,1,5000,1e-07,1e-08,F,F,10,F,./VT_weather.txt,35,9.486832980505138,3.1622776601683795,365,2,31,5,40,2,0,2,40,0.2,/scratch/j.min/TPC_evol_SLiM,include_STDEV_POP_prop_0.9
25,20000,5000,1,5000,1e-07,1e-08,F,F,10,F,./VT_weather.txt,35,10.0,0.0,365,2,31,5,40,2,0,2,40,0.2,/scratch/j.min/TPC_evol_SLiM,include_STDEV_POP_prop_1.0
26,20000,5000,1,5000,1e-07,1e-08,F,F,10,F,./VT_weather.txt,35,0.0,10.0,365,2,31,5,40,2,0,2,40,0.2,/scratch/j.min/TPC_evol_SLiM,include_STDEV_POP_prop_0.0
26,20000,5000,1,5000,1e-07,1e-08,F,F,10,F,./VT_weather.txt,35,3.1622776601683795,9.486832980505138,365,2,31,5,40,2,0,2,40,0.2,/scratch/j.min/TPC_evol_SLiM,include_STDEV_POP_prop_0.1
26,20000,5000,1,5000,1e-07,1e-08,F,F,10,F,./VT_weather.txt,35,4.47213595499958,8.94427190999916,365,2,31,5,40,2,0,2,40,0.2,/scratch/j.min/TPC_evol_SLiM,include_STDEV_POP_prop_0.2
26,20000,5000,1,5000,1e-07,1e-08,F,F,10,F,./VT_weather.txt,35,5.477225575051662,8.366600265340754,365,2,31,5,40,2,0,2,40,0.2,/scratch/j.min/TPC_evol_SLiM,include_STDEV_POP_prop_0.30000000000000004
26,20000,5000,1,5000,1e-07,1e-08,F,F,10,F,./VT_weather.txt,35,6.324555320336759,7.745966692414833,365,2,31,5,40,2,0,2,40,0.2,/scratch/j.min/TPC_evol_SLiM,include_STDEV_POP_prop_0.4
26,20000,5000,1,5000,1e-07,1e-08,F,F,10,F,./VT_weather.txt,35,7.0710678118654755,7.071067811865475,365,2,31,5,40,2,0,2,40,0.2,/scratch/j.min/TPC_evol_SLiM,include_STDEV_POP_prop_0.5
26,20000,5000,1,5000,1e-07,1e-08,F,F,10,F,./VT_weather.txt,35,7.745966692414834,6.324555320336758,365,2,31,5,40,2,0,2,40,0.2,/scratch/j.min/TPC_evol_SLiM,include_STDEV_POP_prop_0.6000000000000001
26,20000,5000,1,5000,1e-07,1e-08,F,F,10,F,./VT_weather.txt,35,8.366600265340756,5.477225575051661,365,2,31,5,40,2,0,2,40,0.2,/scratch/j.min/TPC_evol_SLiM,include_STDEV_POP_prop_0.7000000000000001
26,20000,5000,1,5000,1e-07,1e-08,F,F,10,F,./VT_weather.txt,35,8.94427190999916,4.472135954999578,365,2,31,5,40,2,0,2,40,0.2,/scratch/j.min/TPC_evol_SLiM,include_STDEV_POP_prop_0.8
26,20000,5000,1,5000,1e-07,1e-08,F,F,10,F,./VT_weather.txt,35,9.486832980505138,3.1622776601683795,365,2,31,5,40,2,0,2,40,0.2,/scratch/j.min/TPC_evol_SLiM,include_STDEV_POP_prop_0.9
26,20000,5000,1,5000,1e-07,1e-08,F,F,10,F,./VT_weather.txt,35,10.0,0.0,365,2,31,5,40,2,0,2,40,0.2,/scratch/j.min/TPC_evol_SLiM,include_STDEV_POP_prop_1.0
27,20000,5000,1,5000,1e-07,1e-08,F,F,10,F,./VT_weather.txt,35,0.0,10.0,365,2,31,5,40,2,0,2,40,0.2,/scratch/j.min/TPC_evol_SLiM,include_STDEV_POP_prop_0.0
27,20000,5000,1,5000,1e-07,1e-08,F,F,10,F,./VT_weather.txt,35,3.1622776601683795,9.486832980505138,365,2,31,5,40,2,0,2,40,0.2,/scratch/j.min/TPC_evol_SLiM,include_STDEV_POP_prop_0.1
27,20000,5000,1,5000,1e-07,1e-08,F,F,10,F,./VT_weather.txt,35,4.47213595499958,8.94427190999916,365,2,31,5,40,2,0,2,40,0.2,/scratch/j.min/TPC_evol_SLiM,include_STDEV_POP_prop_0.2
27,20000,5000,1,5000,1e-07,1e-08,F,F,10,F,./VT_weather.txt,35,5.477225575051662,8.366600265340754,365,2,31,5,40,2,0,2,40,0.2,/scratch/j.min/TPC_evol_SLiM,include_STDEV_POP_prop_0.30000000000000004
27,20000,5000,1,5000,1e-07,1e-08,F,F,10,F,./VT_weather.txt,35,6.324555320336759,7.745966692414833,365,2,31,5,40,2,0,2,40,0.2,/scratch/j.min/TPC_evol_SLiM,include_STDEV_POP_prop_0.4
27,20000,5000,1,5000,1e-07,1e-08,F,F,10,F,./VT_weather.txt,35,7.0710678118654755,7.071067811865475,365,2,31,5,40,2,0,2,40,0.2,/scratch/j.min/TPC_evol_SLiM,include_STDEV_POP_prop_0.5
27,20000,5000,1,5000,1e-07,1e-08,F,F,10,F,./VT_weather.txt,35,7.745966692414834,6.324555320336758,365,2,31,5,40,2,0,2,40,0.2,/scratch/j.min/TPC_evol_SLiM,include_STDEV_POP_prop_0.6000000000000001
27,20000,5000,1,5000,1e-07,1e-08,F,F,10,F,./VT_weather.txt,35,8.366600265340756,5.477225575051661,365,2,31,5,40,2,0,2,40,0.2,/scratch/j.min/TPC_evol_SLiM,include_STDEV_POP_prop_0.7000000000000001
27,20000,5000,1,5000,1e-07,1e-08,F,F,10,F,./VT_weather.txt,35,8.94427190999916,4.472135954999578,365,2,31,5,40,2,0,2,40,0.2,/scratch/j.min/TPC_evol_SLiM,include_STDEV_POP_prop_0.8
27,20000,5000,1,5000,1e-07,1e-08,F,F,10,F,./VT_weather.txt,35,9.486832980505138,3.1622776601683795,365,2,31,5,40,2,0,2,40,0.2,/scratch/j.min/TPC_evol_SLiM,include_STDEV_POP_prop_0.9
27,20000,5000,1,5000,1e-07,1e-08,F,F,10,F,./VT_weather.txt,35,10.0,0.0,365,2,31,5,40,2,0,2,40,0.2,/scratch/j.min/TPC_evol_SLiM,include_STDEV_POP_prop_1.0
28,20000,5000,1,5000,1e-07,1e-08,F,F,10,F,./VT_weather.txt,35,0.0,10.0,365,2,31,5,40,2,0,2,40,0.2,/scratch/j.min/TPC_evol_SLiM,include_STDEV_POP_prop_0.0
28,20000,5000,1,5000,1e-07,1e-08,F,F,10,F,./VT_weather.txt,35,3.1622776601683795,9.486832980505138,365,2,31,5,40,2,0,2,40,0.2,/scratch/j.min/TPC_evol_SLiM,include_STDEV_POP_prop_0.1
28,20000,5000,1,5000,1e-07,1e-08,F,F,10,F,./VT_weather.txt,35,4.47213595499958,8.94427190999916,365,2,31,5,40,2,0,2,40,0.2,/scratch/j.min/TPC_evol_SLiM,include_STDEV_POP_prop_0.2
28,20000,5000,1,5000,1e-07,1e-08,F,F,10,F,./VT_weather.txt,35,5.477225575051662,8.366600265340754,365,2,31,5,40,2,0,2,40,0.2,/scratch/j.min/TPC_evol_SLiM,include_STDEV_POP_prop_0.30000000000000004
28,20000,5000,1,5000,1e-07,1e-08,F,F,10,F,./VT_weather.txt,35,6.324555320336759,7.745966692414833,365,2,31,5,40,2,0,2,40,0.2,/scratch/j.min/TPC_evol_SLiM,include_STDEV_POP_prop_0.4
28,20000,5000,1,5000,1e-07,1e-08,F,F,10,F,./VT_weather.txt,35,7.0710678118654755,7.071067811865475,365,2,31,5,40,2,0,2,40,0.2,/scratch/j.min/TPC_evol_SLiM,include_STDEV_POP_prop_0.5
28,20000,5000,1,5000,1e-07,1e-08,F,F,10,F,./VT_weather.txt,35,7.745966692414834,6.324555320336758,365,2,31,5,40,2,0,2,40,0.2,/scratch/j.min/TPC_evol_SLiM,include_STDEV_POP_prop_0.6000000000000001
28,20000,5000,1,5000,1e-07,1e-08,F,F,10,F,./VT_weather.txt,35,8.366600265340756,5.477225575051661,365,2,31,5,40,2,0,2,40,0.2,/scratch/j.min/TPC_evol_SLiM,include_STDEV_POP_prop_0.7000000000000001
28,20000,5000,1,5000,1e-07,1e-08,F,F,10,F,./VT_weather.txt,35,8.94427190999916,4.472135954999578,365,2,31,5,40,2,0,2,40,0.2,/scratch/j.min/TPC_evol_SLiM,include_STDEV_POP_prop_0.8
28,20000,5000,1,5000,1e-07,1e-08,F,F,10,F,./VT_weather.txt,35,9.486832980505138,3.1622776601683795,365,2,31,5,40,2,0,2,40,0.2,/scratch/j.min/TPC_evol_SLiM,include_STDEV_POP_prop_0.9
28,20000,5000,1,5000,1e-07,1e-08,F,F,10,F,./VT_weather.txt,35,10.0,0.0,365,2,31,5,40,2,0,2,40,0.2,/scratch/j.min/TPC_evol_SLiM,include_STDEV_POP_prop_1.0
29,20000,5000,1,5000,1e-07,1e-08,F,F,10,F,./VT_weather.txt,35,0.0,10.0,365,2,31,5,40,2,0,2,40,0.2,/scratch/j.min/TPC_evol_SLiM,include_STDEV_POP_prop_0.0
29,20000,5000,1,5000,1e-07,1e-08,F,F,10,F,./VT_weather.txt,35,3.1622776601683795,9.486832980505138,365,2,31,5,40,2,0,2,40,0.2,/scratch/j.min/TPC_evol_SLiM,include_STDEV_POP_prop_0.1
29,20000,5000,1,5000,1e-07,1e-08,F,F,10,F,./VT_weather.txt,35,4.47213595499958,8.94427190999916,365,2,31,5,40,2,0,2,40,0.2,/scratch/j.min/TPC_evol_SLiM,include_STDEV_POP_prop_0.2
29,20000,5000,1,5000,1e-07,1e-08,F,F,10,F,./VT_weather.txt,35,5.477225575051662,8.366600265340754,365,2,31,5,40,2,0,2,40,0.2,/scratch/j.min/TPC_evol_SLiM,include_STDEV_POP_prop_0.30000000000000004
29,20000,5000,1,5000,1e-07,1e-08,F,F,10,F,./VT_weather.txt,35,6.324555320336759,7.745966692414833,365,2,31,5,40,2,0,2,40,0.2,/scratch/j.min/TPC_evol_SLiM,include_STDEV_POP_prop_0.4
29,20000,5000,1,5000,1e-07,1e-08,F,F,10,F,./VT_weather.txt,35,7.0710678118654755,7.071067811865475,365,2,31,5,40,2,0,2,40,0.2,/scratch/j.min/TPC_evol_SLiM,include_STDEV_POP_prop_0.5
29,20000,5000,1,5000,1e-07,1e-08,F,F,10,F,./VT_weather.txt,35,7.745966692414834,6.324555320336758,365,2,31,5,40,2,0,2,40,0.2,/scratch/j.min/TPC_evol_SLiM,include_STDEV_POP_prop_0.6000000000000001
29,20000,5000,1,5000,1e-07,1e-08,F,F,10,F,./VT_weather.txt,35,8.366600265340756,5.477225575051661,365,2,31,5,40,2,0,2,40,0.2,/scratch/j.min/TPC_evol_SLiM,include_STDEV_POP_prop_0.7000000000000001
29,20000,5000,1,5000,1e-07,1e-08,F,F,10,F,./VT_weather.txt,35,8.94427190999916,4.472135954999578,365,2,31,5,40,2,0,2,40,0.2,/scratch/j.min/TPC_evol_SLiM,include_STDEV_POP_prop_0.8
29,20000,5000,1,5000,1e-07,1e-08,F,F,10,F,./VT_weather.txt,35,9.486832980505138,3.1622776601683795,365,2,31,5,40,2,0,2,40,0.2,/scratch/j.min/TPC_evol_SLiM,include_STDEV_POP_prop_0.9
29,20000,5000,1,5000,1e-07,1e-08,F,F,10,F,./VT_weather.txt,35,10.0,0.0,365,2,31,5,40,2,0,2,40,0.2,/scratch/j.min/TPC_evol_SLiM,include_STDEV_POP_prop_1.0
